Valera,Gehringer,vgehringer0@so-net.ne.jp,476
Giuseppe,Zanicchi,gzanicchi1@google.co.uk,481
Tommie,Busby,tbusby2@plala.or.jp,554
Jorey,Rignold,jrignold3@biblegateway.com,180
Manya,Shipsey,mshipsey4@ameblo.jp,479
Wolfy,Vian,wvian5@oracle.com,384
Odessa,Messenger,omessenger6@dailymail.co.uk,533
Case,Hallum,challum7@typepad.com,293
Gaynor,Moscrop,gmoscrop8@dell.com,800
Trish,Ottery,tottery9@craigslist.org,637
Lacey,Oulett,louletta@joomla.org,650
Katlin,McDonagh,kmcdonaghb@mashable.com,404
Conroy,Mecozzi,cmecozzic@shinystat.com,873
Gregory,MacHostie,gmachostied@cam.ac.uk,695
Bernita,Alabone,balabonee@networkadvertising.org,392
Levi,Bengoechea,lbengoecheaf@topsy.com,820
Chrissy,Punter,cpunterg@lulu.com,659
Caroljean,Keveren,ckeverenh@bandcamp.com,942
Myrtia,Piddletown,mpiddletowni@liveinternet.ru,901
Paulina,O'Sharry,posharryj@mayoclinic.com,928
Ruthy,Casement,rcasementk@webs.com,107
Izaak,Peltzer,ipeltzerl@omniture.com,30
Trever,Wofenden,twofendenm@skyrock.com,727
Noak,Hairon,nhaironn@i2i.jp,414
Astra,Coltherd,acoltherdo@artisteer.com,630
Ed,MacCosto,emaccostop@pcworld.com,755
Arlinda,Ackermann,aackermannq@alibaba.com,263
Cacilia,Duiguid,cduiguidr@washington.edu,90
Melisande,Aingel,maingels@buzzfeed.com,930
Al,Chalcroft,achalcroftt@techcrunch.com,958
Milzie,Dougliss,mdouglissu@china.com.cn,896
Birk,Lohrensen,blohrensenv@edublogs.org,340
Corina,Di Maria,cdimariaw@google.ca,971
Rollin,Button,rbuttonx@elegantthemes.com,430
Kendre,Prozescky,kprozesckyy@acquirethisname.com,486
Verene,Sieghart,vsieghartz@instagram.com,874
Curtice,Ferrant,cferrant10@uiuc.edu,749
Nedda,Ludford,nludford11@livejournal.com,870
Reg,Morby,rmorby12@cafepress.com,251
Bianca,Bourges,bbourges13@ocn.ne.jp,949
Horace,Olufsen,holufsen14@eventbrite.com,274
Marcello,Cicculini,mcicculini15@soup.io,157
Dennie,Harrod,dharrod16@blogger.com,861
Xenos,Geere,xgeere17@fastcompany.com,299
Velvet,D'eath,vdeath18@symantec.com,433
Bronson,Old,bold19@reddit.com,92
Ewen,Schubuser,eschubuser1a@issuu.com,707
Marylee,Jefford,mjefford1b@cam.ac.uk,509
Berty,Saur,bsaur1c@w3.org,640
Rosco,McNickle,rmcnickle1d@wix.com,689
Allin,Casazza,acasazza1e@pinterest.com,419
Delilah,Comfort,dcomfort1f@marriott.com,306
Tanitansy,Fyndon,tfyndon1g@irs.gov,552
Brianna,Harrema,bharrema1h@smh.com.au,899
Cammy,Boland,cboland1i@jimdo.com,799
Dale,Iacoviello,diacoviello1j@marriott.com,884
Cortie,Mingasson,cmingasson1k@theguardian.com,170
Carree,Bessant,cbessant1l@jimdo.com,136
Karrie,Sallery,ksallery1m@google.co.uk,134
Lyssa,MacCawley,lmaccawley1n@bbc.co.uk,915
Boycie,Matyasik,bmatyasik1o@blogspot.com,154
Micheal,Desorts,mdesorts1p@berkeley.edu,817
Leighton,Realff,lrealff1q@statcounter.com,794
Christabella,Hiers,chiers1r@ycombinator.com,570
Burtie,Samme,bsamme1s@webs.com,328
Randi,Marielle,rmarielle1t@ovh.net,331
Kienan,Sonschein,ksonschein1u@feedburner.com,968
Tommie,Afield,tafield1v@ustream.tv,13
Dion,Strothers,dstrothers1w@arizona.edu,742
Chad,Baress,cbaress1x@fc2.com,224
Caty,Wintersgill,cwintersgill1y@dell.com,729
Fran,Keady,fkeady1z@jugem.jp,476
Zonnya,Ducker,zducker20@columbia.edu,303
Celinda,Dallow,cdallow21@nps.gov,270
Alaine,Drugan,adrugan22@so-net.ne.jp,976
Roderick,Fancett,rfancett23@indiatimes.com,500
Joane,Karlmann,jkarlmann24@ning.com,912
Velvet,Maben,vmaben25@edublogs.org,801
Bar,Kainz,bkainz26@salon.com,986
Simonne,Red,sred27@wp.com,636
Timothee,McIlenna,tmcilenna28@sakura.ne.jp,535
Sylvia,Howle,showle29@deliciousdays.com,402
Clarey,Scogings,cscogings2a@instagram.com,842
Lissie,Yanele,lyanele2b@stanford.edu,28
Merrick,Coxen,mcoxen2c@google.com.br,864
Alissa,Musker,amusker2d@samsung.com,268
Noble,Penddreth,npenddreth2e@tmall.com,55
Chryste,Lyard,clyard2f@google.ca,19
Olva,Terrell,oterrell2g@tumblr.com,606
Ginny,Seaman,gseaman2h@microsoft.com,154
Jaimie,Pollicott,jpollicott2i@statcounter.com,975
Robbie,Defraine,rdefraine2j@statcounter.com,307
Phaidra,Trathen,ptrathen2k@prlog.org,597
Celinda,Zealey,czealey2l@so-net.ne.jp,822
Vivian,Kleinhausen,vkleinhausen2m@chron.com,319
Pattin,Biggins,pbiggins2n@unesco.org,243
Egor,Kike,ekike2o@jimdo.com,403
Melloney,Staines,mstaines2p@businesswire.com,841
Mordecai,Marzelli,mmarzelli2q@chron.com,148
Mendie,Challender,mchallender2r@blinklist.com,931
Joyous,Laxson,jlaxson2s@seattletimes.com,443
Daisie,Gosnoll,dgosnoll2t@wikispaces.com,464
Giorgio,Dickey,gdickey2u@unc.edu,614
Othella,Stimson,ostimson2v@techcrunch.com,868
Annelise,Casado,acasado2w@myspace.com,833
Kattie,Climo,kclimo2x@craigslist.org,36
Estell,Chalfont,echalfont2y@cnbc.com,964
Latia,Seniour,lseniour2z@people.com.cn,992
Nariko,Ceney,nceney30@disqus.com,727
Isidor,Scullard,iscullard31@aol.com,307
Raymond,Lay,rlay32@reuters.com,514
Ursulina,Tomaello,utomaello33@google.ru,355
Chloris,Cooper,ccooper34@flavors.me,41
Klara,Amies,kamies35@ning.com,558
Sibyl,Ayscough,sayscough36@mapy.cz,259
Alexi,Warbeys,awarbeys37@last.fm,324
Austine,Oldrey,aoldrey38@unblog.fr,416
Noland,Skade,nskade39@huffingtonpost.com,867
Derry,Yurmanovev,dyurmanovev3a@yellowpages.com,82
Latrena,Hackinge,lhackinge3b@mlb.com,911
Perceval,Mulrean,pmulrean3c@free.fr,113
Livvyy,Triggle,ltriggle3d@nba.com,11
Benedict,O'Rourke,borourke3e@qq.com,95
Fleurette,Hovard,fhovard3f@taobao.com,263
Janeczka,Dedrick,jdedrick3g@goo.gl,474
Fay,Vazquez,fvazquez3h@elpais.com,610
Torie,Winger,twinger3i@hp.com,955
Rena,Suatt,rsuatt3j@discovery.com,4
Symon,Denyagin,sdenyagin3k@technorati.com,398
Benjamin,Kerner,bkerner3l@google.de,239
Emanuel,Davie,edavie3m@taobao.com,539
Drud,Frizell,dfrizell3n@google.nl,613
Lizzy,MacSherry,lmacsherry3o@independent.co.uk,339
Maurise,Hutcheon,mhutcheon3p@hostgator.com,533
Luce,Poland,lpoland3q@1und1.de,289
Risa,Sherman,rsherman3r@constantcontact.com,83
Allie,Lynds,alynds3s@bluehost.com,885
Farrand,Chisnell,fchisnell3t@oakley.com,833
Alard,Howse,ahowse3u@nba.com,604
Tiler,Bulbrook,tbulbrook3v@bbc.co.uk,770
Dody,Caze,dcaze3w@booking.com,92
Nathanil,Chrismas,nchrismas3x@vkontakte.ru,999
Hale,Band,hband3y@wordpress.org,358
Cal,Devenport,cdevenport3z@ted.com,528
Cecily,Cradduck,ccradduck40@ameblo.jp,525
Rouvin,Martinyuk,rmartinyuk41@patch.com,858
Von,Elcomb,velcomb42@comcast.net,154
Quentin,Ketts,qketts43@go.com,828
Shae,Widmoor,swidmoor44@goo.gl,800
Griff,Farish,gfarish45@msu.edu,313
Whittaker,Beswetherick,wbeswetherick46@house.gov,999
Anestassia,Pechan,apechan47@elegantthemes.com,857
Jami,Boot,jboot48@elegantthemes.com,562
Horatia,Imbrey,himbrey49@angelfire.com,416
Westleigh,Albion,walbion4a@free.fr,569
Gayle,Kempe,gkempe4b@state.tx.us,201
Marleah,Easman,measman4c@mozilla.org,713
Shea,Sywell,ssywell4d@ameblo.jp,897
Jaime,Eagger,jeagger4e@fda.gov,535
Farrah,Chaize,fchaize4f@1688.com,575
Susie,Yakushkin,syakushkin4g@java.com,557
Sholom,Moorey,smoorey4h@a8.net,9
Rosita,Ridel,rridel4i@hud.gov,558
Amalee,Rowth,arowth4j@latimes.com,635
Daven,Ragless,dragless4k@t-online.de,848
Pansie,Abby,pabby4l@japanpost.jp,830
Charmian,Gages,cgages4m@umich.edu,145
Leann,Ghidoli,lghidoli4n@jugem.jp,991
Nelie,Sisson,nsisson4o@fotki.com,379
Alfons,Ridewood,aridewood4p@addthis.com,580
Michaeline,Matthew,mmatthew4q@ameblo.jp,981
Morton,Kisby,mkisby4r@illinois.edu,283
Tallou,Vasyukhin,tvasyukhin4s@cbc.ca,714
Olivette,Braven,obraven4t@t-online.de,136
Jenelle,Tyhurst,jtyhurst4u@hexun.com,828
Crystal,Arnolds,carnolds4v@domainmarket.com,917
Berne,Brandrick,bbrandrick4w@marketwatch.com,235
Eustacia,Cluelow,ecluelow4x@diigo.com,293
Alfie,Estrella,aestrella4y@wikia.com,413
Siffre,Basketfield,sbasketfield4z@yellowpages.com,701
Lianne,Finnimore,lfinnimore50@who.int,601
Florance,Dunning,fdunning51@cocolog-nifty.com,184
Fabe,Krzysztof,fkrzysztof52@dagondesign.com,107
Regan,Ketteringham,rketteringham53@msn.com,20
Thelma,Lorking,tlorking54@smh.com.au,14
Ronny,Zoellner,rzoellner55@ehow.com,566
Robbi,Bulfoot,rbulfoot56@sun.com,300
Jammal,Wager,jwager57@webmd.com,810
Idell,Mellows,imellows58@guardian.co.uk,439
Rodi,Cyseley,rcyseley59@dion.ne.jp,6
Shae,Stoakes,sstoakes5a@bravesites.com,698
Siffre,Domesday,sdomesday5b@house.gov,521
Tuckie,Edgell,tedgell5c@hatena.ne.jp,14
Teodoro,Firpo,tfirpo5d@cmu.edu,666
Jaimie,Esel,jesel5e@soundcloud.com,523
Rhianna,Vasilevich,rvasilevich5f@ucoz.ru,735
Kin,Jacmar,kjacmar5g@tamu.edu,246
Gabbie,Menico,gmenico5h@chronoengine.com,17
Ange,Attwooll,aattwooll5i@cbslocal.com,623
Jinny,Wolfindale,jwolfindale5j@patch.com,880
Karie,Han,khan5k@digg.com,981
Thorsten,Sigert,tsigert5l@wix.com,121
Ebba,Doward,edoward5m@canalblog.com,648
Darb,Levison,dlevison5n@accuweather.com,851
Mike,Lindenstrauss,mlindenstrauss5o@so-net.ne.jp,441
Barrie,Tozer,btozer5p@arstechnica.com,777
Kimberly,Wyss,kwyss5q@about.me,257
Forbes,Jonke,fjonke5r@cbc.ca,593
Hayes,Petrolli,hpetrolli5s@goo.gl,868
Nathalie,Cargenven,ncargenven5t@usnews.com,173
Toby,Ferney,tferney5u@reverbnation.com,21
Yvor,Bedow,ybedow5v@goodreads.com,996
Isadora,Guppey,iguppey5w@dion.ne.jp,260
Davide,Rennles,drennles5x@columbia.edu,392
Alfreda,Hinge,ahinge5y@pcworld.com,918
Gill,McWaters,gmcwaters5z@blogtalkradio.com,64
Chantalle,McKevitt,cmckevitt60@unesco.org,798
Bordie,Hindmore,bhindmore61@cyberchimps.com,608
Gilda,Brunning,gbrunning62@angelfire.com,655
Kaitlin,Pimblott,kpimblott63@wikia.com,969
Fawn,Souttar,fsouttar64@bravesites.com,52
Annamarie,Gabb,agabb65@php.net,775
Wang,Managh,wmanagh66@w3.org,95
Frederik,Blakesley,fblakesley67@netvibes.com,72
Davide,Doram,ddoram68@washingtonpost.com,786
Avrit,Casali,acasali69@hud.gov,570
Sandro,Bes,sbes6a@amazon.de,512
Kellyann,Junkinson,kjunkinson6b@clickbank.net,328
Minnie,Turneaux,mturneaux6c@indiegogo.com,814
Allissa,Simco,asimco6d@unblog.fr,720
Rice,Kleinplac,rkleinplac6e@mail.ru,111
Nell,Sein,nsein6f@ucla.edu,941
Forster,Franklin,ffranklin6g@census.gov,648
Leslie,Croisdall,lcroisdall6h@omniture.com,846
Arty,MacMichael,amacmichael6i@chron.com,412
Mendel,Corde,mcorde6j@npr.org,356
Mollee,Forlong,mforlong6k@weather.com,673
Giacobo,Snowding,gsnowding6l@skype.com,903
Maxy,Andriss,mandriss6m@constantcontact.com,343
Rolph,Fielder,rfielder6n@economist.com,974
Garrik,Covell,gcovell6o@nytimes.com,127
Ki,MacAlpyne,kmacalpyne6p@cbc.ca,978
Grethel,Warcup,gwarcup6q@comsenz.com,365
Vittoria,Pietri,vpietri6r@alexa.com,209
Gusty,Plumbridge,gplumbridge6s@canalblog.com,500
Bernhard,Gensavage,bgensavage6t@jalbum.net,42
Alexandrina,Andreix,aandreix6u@nifty.com,210
Ashlin,Doswell,adoswell6v@chron.com,58
Gallagher,Blaisdale,gblaisdale6w@4shared.com,455
Biddy,MacGee,bmacgee6x@reference.com,269
Jedediah,Beeble,jbeeble6y@ucsd.edu,305
Etti,Holworth,eholworth6z@ocn.ne.jp,895
Pierce,Redshaw,predshaw70@wp.com,447
Suzette,Warrack,swarrack71@huffingtonpost.com,502
Jack,Schneidar,jschneidar72@washington.edu,464
Marieann,Lymer,mlymer73@yahoo.com,752
Aldwin,Ivanchenkov,aivanchenkov74@utexas.edu,621
Cody,Iveagh,civeagh75@quantcast.com,531
Gladi,Mitchard,gmitchard76@springer.com,311
Phelia,McKane,pmckane77@pcworld.com,434
Alethea,Filasov,afilasov78@washingtonpost.com,940
Sindee,Ducroe,sducroe79@msu.edu,605
Grazia,Stirton,gstirton7a@epa.gov,771
Coraline,Hastin,chastin7b@webs.com,264
Peyton,Benka,pbenka7c@cbslocal.com,37
Quinta,Gurys,qgurys7d@mac.com,882
Christian,Heselwood,cheselwood7e@auda.org.au,447
Isador,Bengefield,ibengefield7f@dot.gov,226
Carita,Cranstone,ccranstone7g@fastcompany.com,684
Berkie,MacBey,bmacbey7h@mapquest.com,161
Lory,Moffet,lmoffet7i@kickstarter.com,343
Stearne,Merrin,smerrin7j@twitpic.com,357
Delcine,Halsted,dhalsted7k@cdc.gov,625
Nathan,Knapton,nknapton7l@oracle.com,793
Rey,Axcel,raxcel7m@ezinearticles.com,665
Baxy,Slym,bslym7n@engadget.com,299
Teddie,Devine,tdevine7o@clickbank.net,109
Tallulah,Moffet,tmoffet7p@statcounter.com,936
Giacopo,Ducastel,gducastel7q@hibu.com,888
Lark,Mellor,lmellor7r@tuttocitta.it,28
Guntar,Neave,gneave7s@netvibes.com,919
Lon,Wringe,lwringe7t@businesswire.com,383
Maxy,Braddock,mbraddock7u@nifty.com,665
Sherlocke,Ryman,sryman7v@wisc.edu,266
Erastus,Melvin,emelvin7w@qq.com,773
Dina,Cheverton,dcheverton7x@nih.gov,375
Dorie,Leyborne,dleyborne7y@sakura.ne.jp,427
Adelheid,Spittle,aspittle7z@mapy.cz,657
Brit,Cosley,bcosley80@irs.gov,380
Dieter,D'Aeth,ddaeth81@cbsnews.com,770
Quinn,Samsin,qsamsin82@salon.com,751
Bili,Tinsley,btinsley83@tumblr.com,579
Whitaker,Sharrier,wsharrier84@elpais.com,295
Clayton,Kobpa,ckobpa85@pcworld.com,913
Ronny,Tatem,rtatem86@fda.gov,983
Cale,Bishopp,cbishopp87@mtv.com,805
Ashlee,Cundey,acundey88@auda.org.au,167
Robbi,Simoncello,rsimoncello89@newyorker.com,459
Carmine,Neem,cneem8a@imgur.com,160
Gordy,Freeth,gfreeth8b@wikimedia.org,585
Minta,Outhwaite,mouthwaite8c@people.com.cn,407
Mauricio,Cretney,mcretney8d@answers.com,770
Christoper,Cosham,ccosham8e@facebook.com,473
Tammie,Cradoc,tcradoc8f@seattletimes.com,244
Abey,Havock,ahavock8g@cyberchimps.com,439
Clemence,Kirkpatrick,ckirkpatrick8h@xinhuanet.com,221
Brewer,Horsey,bhorsey8i@myspace.com,458
Katheryn,Chotty,kchotty8j@mlb.com,362
Teresina,Dalrymple,tdalrymple8k@cnn.com,311
Elene,Matchitt,ematchitt8l@techcrunch.com,539
Walton,Gillopp,wgillopp8m@hatena.ne.jp,124
Rik,Chestnutt,rchestnutt8n@usatoday.com,367
Judas,Ficken,jficken8o@nymag.com,437
Gorden,Rentenbeck,grentenbeck8p@msu.edu,875
Cherye,Guyver,cguyver8q@hubpages.com,158
Coop,Burch,cburch8r@moonfruit.com,563
Fayina,Hayller,fhayller8s@instagram.com,585
Bondie,Penrice,bpenrice8t@soundcloud.com,162
Sigfrid,Muldrew,smuldrew8u@cam.ac.uk,126
Northrup,Queenborough,nqueenborough8v@utexas.edu,941
Gregoor,Reid,greid8w@jiathis.com,3
Gordon,Leeves,gleeves8x@nih.gov,950
Ondrea,Dungate,odungate8y@sun.com,668
Annabelle,Rookeby,arookeby8z@histats.com,623
Collete,Roskruge,croskruge90@biglobe.ne.jp,777
Bernadina,Martinets,bmartinets91@java.com,649
Avis,MacScherie,amacscherie92@irs.gov,424
Aaren,Pestell,apestell93@themeforest.net,66
Gizela,Arkin,garkin94@shutterfly.com,157
Carmon,Shackleton,cshackleton95@free.fr,214
Darlene,Bonellie,dbonellie96@businessweek.com,411
Kati,Wyche,kwyche97@cbslocal.com,413
Lenka,Joyner,ljoyner98@typepad.com,437
Maridel,Ethridge,methridge99@amazon.com,229
Charles,Carslake,ccarslake9a@berkeley.edu,931
Sullivan,Christene,schristene9b@google.es,691
Pattin,Cordrey,pcordrey9c@npr.org,96
Adolph,Tarver,atarver9d@symantec.com,355
Wilfred,Goodboddy,wgoodboddy9e@hubpages.com,412
Ellery,Aggus,eaggus9f@ft.com,426
Lolly,Thurlbourne,lthurlbourne9g@cdbaby.com,358
Biddy,Dodimead,bdodimead9h@narod.ru,131
Temple,Rigts,trigts9i@wiley.com,788
Jacqui,Jenckes,jjenckes9j@mapy.cz,498
Sashenka,Ungerechts,sungerechts9k@apple.com,505
Odella,Barnewell,obarnewell9l@wikimedia.org,553
Webster,Spykings,wspykings9m@google.fr,179
Sybyl,Clotworthy,sclotworthy9n@adobe.com,562
Ambrosi,Dicke,adicke9o@blinklist.com,544
Sheila-kathryn,Count,scount9p@cdc.gov,717
Brenda,Ladson,bladson9q@wordpress.org,432
Evangeline,Shovelton,eshovelton9r@ucla.edu,780
Debi,Salerno,dsalerno9s@amazon.co.jp,779
Allister,Chezelle,achezelle9t@icio.us,364
Rees,Cathro,rcathro9u@canalblog.com,121
Salvador,Antosik,santosik9v@gnu.org,774
Alex,Ganniclifft,aganniclifft9w@shinystat.com,942
Sunny,Hulson,shulson9x@about.me,365
Janet,Kinsman,jkinsman9y@guardian.co.uk,529
Perry,Vernazza,pvernazza9z@oaic.gov.au,581
Louisa,Kippling,lkipplinga0@cdbaby.com,23
Lanni,Fontin,lfontina1@addthis.com,675
Turner,Shotboult,tshotboulta2@nih.gov,463
Bernette,Balchin,bbalchina3@fastcompany.com,961
Roosevelt,Agnew,ragnewa4@auda.org.au,918
Hillery,Longland,hlonglanda5@cisco.com,77
Ynez,Josephi,yjosephia6@npr.org,735
Maybelle,Benford,mbenforda7@sohu.com,778
Lisabeth,Trodd,ltrodda8@theatlantic.com,477
Farlay,Dwyer,fdwyera9@alibaba.com,237
Theodosia,Heckle,theckleaa@facebook.com,452
Esta,Caney,ecaneyab@latimes.com,115
Meridith,Terris,mterrisac@merriam-webster.com,669
Rosabelle,Wash,rwashad@ibm.com,600
Connor,Bredee,cbredeeae@gov.uk,740
Ulysses,Bonnet,ubonnetaf@usatoday.com,620
Elle,Stanwix,estanwixag@hugedomains.com,478
Katya,Tower,ktowerah@icio.us,662
Max,Matsell,mmatsellai@mapquest.com,76
Rodie,Penhalurick,rpenhalurickaj@cisco.com,6
Kellsie,Jaskowicz,kjaskowiczak@uiuc.edu,465
Cassie,Kinsley,ckinsleyal@live.com,405
Den,Trounce,dtrounceam@ed.gov,912
Gottfried,Malkie,gmalkiean@merriam-webster.com,145
Vanda,Timothy,vtimothyao@yandex.ru,273
Nataline,Folk,nfolkap@europa.eu,686
Sigismondo,Peakman,speakmanaq@sciencedaily.com,513
Tripp,Jewes,tjewesar@ed.gov,847
Bronnie,Pawfoot,bpawfootas@storify.com,817
Marjory,Oldknowe,moldknoweat@reference.com,34
Orbadiah,Lansley,olansleyau@cpanel.net,158
Judi,Storch,jstorchav@stumbleupon.com,866
Hashim,Hutt,hhuttaw@woothemes.com,281
Julee,Fassbender,jfassbenderax@skype.com,917
Clevey,Houston,choustonay@scientificamerican.com,415
Rachel,Mitchener,rmitcheneraz@tripod.com,299
Desirae,Michieli,dmichielib0@ning.com,904
Lucias,Veldstra,lveldstrab1@fotki.com,691
Frannie,Watmore,fwatmoreb2@dailymotion.com,72
Elihu,Cunnow,ecunnowb3@gmpg.org,88
Rana,Fones,rfonesb4@shop-pro.jp,157
Coriss,Dring,cdringb5@webmd.com,362
Evelina,Condie,econdieb6@guardian.co.uk,400
Valera,Bimrose,vbimroseb7@fema.gov,968
Wye,Foy,wfoyb8@wisc.edu,524
Ardath,Drohan,adrohanb9@un.org,856
Hermia,McClintock,hmcclintockba@hugedomains.com,770
Domini,Belleny,dbellenybb@aol.com,597
Maria,MacHoste,mmachostebc@tumblr.com,580
Bren,Cozens,bcozensbd@cocolog-nifty.com,105
Ermanno,Whiskin,ewhiskinbe@reverbnation.com,183
Alix,Dafforne,adaffornebf@sbwire.com,25
Paco,Licari,plicaribg@livejournal.com,142
Vasilis,Makiver,vmakiverbh@moonfruit.com,218
Hanny,Monroe,hmonroebi@umich.edu,907
Marcelo,Siviour,msiviourbj@miibeian.gov.cn,104
Padgett,Avramovich,pavramovichbk@istockphoto.com,517
Kerry,Kubista,kkubistabl@yahoo.co.jp,635
Isahella,Terry,iterrybm@telegraph.co.uk,730
Carly,Boadby,cboadbybn@w3.org,191
Jordain,Cockney,jcockneybo@apache.org,417
Dorene,Kearsley,dkearsleybp@fotki.com,15
Alleyn,Oris,aorisbq@blogtalkradio.com,121
Fanchette,Losemann,flosemannbr@barnesandnoble.com,350
Romola,Espadero,respaderobs@tamu.edu,116
Mead,Gherarducci,mgherarduccibt@wordpress.com,406
Ilyssa,Czadla,iczadlabu@rediff.com,302
Sharona,Solman,ssolmanbv@census.gov,368
Averil,Van Eeden,avaneedenbw@latimes.com,877
Hewie,Murford,hmurfordbx@squidoo.com,280
Deloria,Barkas,dbarkasby@va.gov,215
Gwenette,Leeming,gleemingbz@gov.uk,520
Andeee,MacRinn,amacrinnc0@patch.com,517
Modesty,Kantor,mkantorc1@blogger.com,367
Daveta,Money,dmoneyc2@tmall.com,84
Willow,Relton,wreltonc3@eepurl.com,874
Merilee,Chaplin,mchaplinc4@ftc.gov,627
Sibella,Fellgatt,sfellgattc5@1688.com,245
Jami,Cornall,jcornallc6@feedburner.com,804
Sunshine,Piet,spietc7@bbc.co.uk,261
Kelsi,Cardo,kcardoc8@shop-pro.jp,858
Henry,Clemmey,hclemmeyc9@bbc.co.uk,866
Dannye,Hanselman,dhanselmanca@ovh.net,534
Fredelia,Havelin,fhavelincb@mail.ru,602
Atlante,Mickan,amickancc@dell.com,902
Constantina,Crinson,ccrinsoncd@nifty.com,482
Corrianne,Karus,ckarusce@netvibes.com,916
Bree,Dies,bdiescf@wikia.com,98
Cornelle,Auletta,caulettacg@aboutads.info,584
Lucilia,Greensite,lgreensitech@netlog.com,874
Hal,Aleksandrikin,haleksandrikinci@barnesandnoble.com,388
Ginger,Arndell,garndellcj@techcrunch.com,205
Niles,Dunphy,ndunphyck@woothemes.com,870
Delia,Buard,dbuardcl@mail.ru,328
Jeremias,Deamer,jdeamercm@youku.com,851
Jacklin,Batty,jbattycn@ocn.ne.jp,146
Jacqui,Oliver-Paull,joliverpaullco@google.fr,305
Nicole,Hollyland,nhollylandcp@discovery.com,638
Tito,Grunson,tgrunsoncq@pen.io,231
Kaitlynn,Bake,kbakecr@phoca.cz,165
Rik,Kennagh,rkennaghcs@livejournal.com,299
Melita,Steade,msteadect@last.fm,194
Dusty,Hagwood,dhagwoodcu@i2i.jp,866
Amalea,Rippingall,arippingallcv@addthis.com,99
Nichol,Mulligan,nmulligancw@eepurl.com,42
Martyn,Guilder,mguildercx@noaa.gov,511
Aguistin,McGorley,amcgorleycy@wsj.com,501
Elmira,Beri,ebericz@networkadvertising.org,164
Jacquie,Dougal,jdougald0@simplemachines.org,493
Modesty,Mattke,mmattked1@tinyurl.com,846
Kristina,Garbett,kgarbettd2@bing.com,132
Allyce,Audritt,aaudrittd3@sphinn.com,943
Charlie,Sach,csachd4@slashdot.org,20
Igor,Rudyard,irudyardd5@army.mil,144
Giorgio,Cattenach,gcattenachd6@w3.org,447
Dino,Slowey,dsloweyd7@free.fr,613
Mindy,Goldby,mgoldbyd8@webnode.com,904
Irwinn,Vivien,iviviend9@cafepress.com,813
Si,Cottam,scottamda@java.com,589
Jeffrey,McGahern,jmcgaherndb@naver.com,368
Jennifer,Cayley,jcayleydc@prnewswire.com,471
Kelley,Hazelden,khazeldendd@ehow.com,642
Kahlil,Colvill,kcolvillde@tinypic.com,130
Shepard,Menguy,smenguydf@imgur.com,176
Krista,Cordel,kcordeldg@admin.ch,710
Tisha,Skerrett,tskerrettdh@un.org,372
Ive,Breeton,ibreetondi@yahoo.com,101
Byrann,Brandin,bbrandindj@51.la,351
Perla,Farans,pfaransdk@mtv.com,293
Jeno,Pele,jpeledl@zimbio.com,98
Kira,O'Donohue,kodonohuedm@army.mil,24
Veronique,Gyurkovics,vgyurkovicsdn@arstechnica.com,341
Germana,Blackaller,gblackallerdo@tuttocitta.it,212
Cozmo,Brandenburg,cbrandenburgdp@miitbeian.gov.cn,990
Charlton,Creaven,ccreavendq@tinypic.com,628
Basia,Davidwitz,bdavidwitzdr@spotify.com,218
Shalne,Bernli,sbernlids@eventbrite.com,212
Livy,Wrightham,lwrighthamdt@w3.org,662
Gunner,Bellocht,gbellochtdu@cafepress.com,68
Alexandra,Lonnon,alonnondv@archive.org,179
Loralee,Kelland,lkellanddw@163.com,897
Malorie,Mingaud,mmingauddx@mac.com,593
Delmar,Burston,dburstondy@goodreads.com,984
Nicholas,Gibbieson,ngibbiesondz@mlb.com,804
Genevra,Terbrug,gterbruge0@mozilla.org,281
Deane,Gowman,dgowmane1@upenn.edu,704
King,Stephen,kstephene2@bing.com,937
Zena,Stronge,zstrongee3@sourceforge.net,555
Filmore,Ubach,fubache4@friendfeed.com,406
August,Congreave,acongreavee5@apache.org,107
Ossie,Pates,opatese6@w3.org,374
Aldo,Bazoche,abazochee7@scientificamerican.com,838
Janos,Fargie,jfargiee8@java.com,231
Hilda,Meryett,hmeryette9@blogtalkradio.com,68
Jacquelin,Rosin,jrosinea@shinystat.com,641
Octavius,Rallinshaw,orallinshaweb@behance.net,197
Jaime,Geydon,jgeydonec@home.pl,261
Fredek,Erat,ferated@ucla.edu,888
Shauna,Rutherfoord,srutherfoordee@umich.edu,113
Luigi,Waind,lwaindef@census.gov,143
Aylmar,Whatsize,awhatsizeeg@walmart.com,565
Roderick,Blaxlande,rblaxlandeeh@weather.com,507
Konrad,Brockie,kbrockieei@mashable.com,303
Amelia,Stampe,astampeej@taobao.com,747
Oates,Williment,owillimentek@people.com.cn,352
Horatio,Evens,hevensel@pagesperso-orange.fr,558
Ulrich,Fargher,ufargherem@multiply.com,423
Mignonne,McQuillin,mmcquillinen@bloomberg.com,242
Othello,Campione,ocampioneeo@oakley.com,375
Wiatt,Murrish,wmurrishep@cornell.edu,460
Dill,Gosnay,dgosnayeq@zdnet.com,513
Flss,Crat,fcrater@meetup.com,871
Coralyn,Pitsall,cpitsalles@multiply.com,279
Marcy,Jeanet,mjeanetet@cocolog-nifty.com,701
Dietrich,Vittet,dvitteteu@scientificamerican.com,733
Chalmers,Mosconi,cmosconiev@plala.or.jp,407
Giavani,Turley,gturleyew@toplist.cz,654
Jeane,Drakard,jdrakardex@yelp.com,367
Valaree,Obey,vobeyey@seesaa.net,110
Clayson,Burnage,cburnageez@smugmug.com,468
Dewie,Tingly,dtinglyf0@bluehost.com,8
Clayson,Klewi,cklewif1@mediafire.com,933
Sylvester,Lawrinson,slawrinsonf2@infoseek.co.jp,944
Aimee,Kettlestringe,akettlestringef3@nyu.edu,500
Cart,Carlon,ccarlonf4@themeforest.net,349
Geno,Dowrey,gdowreyf5@blogger.com,270
Kellsie,McMenemy,kmcmenemyf6@ox.ac.uk,578
Hamlin,Shepcutt,hshepcuttf7@engadget.com,762
Brynna,Curneen,bcurneenf8@hexun.com,869
Hillyer,MacCafferky,hmaccafferkyf9@alexa.com,182
Estelle,Benjamin,ebenjaminfa@google.nl,524
Darren,Lacrouts,dlacroutsfb@buzzfeed.com,324
Clemens,Hacard,chacardfc@aol.com,730
Bree,Dankov,bdankovfd@e-recht24.de,792
Ingram,Moreinu,imoreinufe@hostgator.com,19
Franni,Imbrey,fimbreyff@ameblo.jp,380
Sheri,Duignan,sduignanfg@imgur.com,924
Ximenez,Iori,xiorifh@wufoo.com,177
Ray,Bollins,rbollinsfi@stanford.edu,844
Phillipe,Kurt,pkurtfj@weebly.com,412
Marcela,Beggi,mbeggifk@cnet.com,35
Jeri,Sexcey,jsexceyfl@tumblr.com,17
Killian,Josham,kjoshamfm@statcounter.com,266
Dyna,Sills,dsillsfn@parallels.com,610
Carmon,Timcke,ctimckefo@fc2.com,112
Giffer,Passman,gpassmanfp@walmart.com,235
Dell,Seed,dseedfq@oakley.com,330
L;urette,Lambotin,llambotinfr@harvard.edu,857
Lil,Ripsher,lripsherfs@arstechnica.com,970
Forest,Gwinnel,fgwinnelft@skype.com,935
Hildy,Hateley,hhateleyfu@cisco.com,772
Gusta,Aggus,gaggusfv@china.com.cn,337
Nat,Bampkin,nbampkinfw@techcrunch.com,819
Myrtie,Santhouse,msanthousefx@diigo.com,213
Arabela,Haliburton,ahaliburtonfy@ustream.tv,153
Rayner,Itzkin,ritzkinfz@google.pl,220
Hildy,Grzesiewicz,hgrzesiewiczg0@stanford.edu,44
Boris,Cotterill,bcotterillg1@joomla.org,85
Jennette,Bedinham,jbedinhamg2@sina.com.cn,64
Anders,Palphramand,apalphramandg3@businesswire.com,513
Oswald,Mazillius,omazilliusg4@springer.com,522
Jill,Sally,jsallyg5@moonfruit.com,847
Winnifred,Dymock,wdymockg6@freewebs.com,827
Maureen,Woosnam,mwoosnamg7@indiegogo.com,570
Mateo,Don,mdong8@wordpress.com,20
Odille,Jansik,ojansikg9@auda.org.au,361
Kippie,Schleicher,kschleicherga@skyrock.com,750
Kendra,Handaside,khandasidegb@mozilla.org,78
Tatum,Jindrich,tjindrichgc@cornell.edu,339
Ruthanne,Scrivener,rscrivenergd@com.com,678
Anthe,Waldren,awaldrenge@xrea.com,883
Kelli,Knobell,kknobellgf@ft.com,840
Arlen,Enrique,aenriquegg@google.it,73
Buffy,Scolding,bscoldinggh@tripadvisor.com,869
Caralie,Fowley,cfowleygi@java.com,966
Adrienne,Parken,aparkengj@constantcontact.com,273
Joelly,Gebb,jgebbgk@eventbrite.com,491
Adelina,Anderton,aandertongl@t-online.de,783
Mellisent,Phelip,mphelipgm@google.com,366
Natalee,Balog,nbaloggn@studiopress.com,104
Lesli,Pinney,lpinneygo@dyndns.org,53
Glad,Grigoli,ggrigoligp@ftc.gov,739
Walton,Indge,windgegq@archive.org,433
Ermengarde,Corneljes,ecorneljesgr@tamu.edu,989
Darda,Felce,dfelcegs@a8.net,413
Phedra,Fishwick,pfishwickgt@arizona.edu,901
Karin,Leatherbarrow,kleatherbarrowgu@bloglovin.com,758
Joelie,McGilbon,jmcgilbongv@freewebs.com,781
Fidelio,Syddie,fsyddiegw@youku.com,182
Herminia,Gallegos,hgallegosgx@yale.edu,722
Kerri,Krystof,kkrystofgy@ed.gov,452
Kimble,Casham,kcashamgz@soundcloud.com,895
Virge,Jansson,vjanssonh0@yahoo.com,300
Rosabella,Gantz,rgantzh1@e-recht24.de,319
Albert,Drinan,adrinanh2@hao123.com,505
Melamie,Geoghegan,mgeogheganh3@hatena.ne.jp,185
Jania,Ivanyukov,jivanyukovh4@google.fr,161
Kelli,Genney,kgenneyh5@ebay.co.uk,224
Dorice,Sabbins,dsabbinsh6@tuttocitta.it,324
Jerad,Clelland,jclellandh7@gizmodo.com,98
Giustino,Douberday,gdouberdayh8@surveymonkey.com,329
Napoleon,Haughian,nhaughianh9@123-reg.co.uk,12
Chantal,Center,ccenterha@nih.gov,220
Marcello,Baumert,mbaumerthb@blogs.com,651
Elinore,O'Spellissey,eospellisseyhc@jiathis.com,246
Tamra,Smeal,tsmealhd@sakura.ne.jp,965
Fin,Umbers,fumbershe@macromedia.com,891
Carmine,Levermore,clevermorehf@so-net.ne.jp,65
Dulci,Maddocks,dmaddockshg@privacy.gov.au,324
Shaine,Avramow,savramowhh@ucsd.edu,394
Kirsten,Van Der Hoog,kvanderhooghi@economist.com,928
Darius,Moreno,dmorenohj@hostgator.com,718
Clemmy,Videan,cvideanhk@google.ru,296
Francesca,Spurett,fspuretthl@rambler.ru,382
Lay,Maffiotti,lmaffiottihm@seesaa.net,396
Lisha,Koppen,lkoppenhn@jigsy.com,307
Flint,Antonsen,fantonsenho@goodreads.com,988
Estell,Hazlegrove,ehazlegrovehp@netlog.com,212
Ceil,Hanlin,chanlinhq@weibo.com,378
Penni,Wink,pwinkhr@is.gd,268
Joseito,Lenden,jlendenhs@sourceforge.net,734
Olivette,Ferrelli,oferrelliht@utexas.edu,908
Lissi,Klagge,lklaggehu@earthlink.net,349
Jeffie,Clague,jclaguehv@google.fr,923
Guilbert,Whorlow,gwhorlowhw@miitbeian.gov.cn,483
Benny,Callingham,bcallinghamhx@list-manage.com,976
Ramon,Gatteridge,rgatteridgehy@bizjournals.com,753
Mireielle,McNuff,mmcnuffhz@businesswire.com,548
Eddy,Paolacci,epaolaccii0@china.com.cn,942
Hiram,Lampens,hlampensi1@vinaora.com,485
Seward,McArtan,smcartani2@godaddy.com,306
Aurlie,Graver,agraveri3@ycombinator.com,127
Timoteo,Salsbury,tsalsburyi4@ow.ly,32
Sandie,Sapshed,ssapshedi5@desdev.cn,695
Jennica,McPhillips,jmcphillipsi6@tuttocitta.it,868
Josias,Nevett,jnevetti7@umich.edu,348
Porter,Bannon,pbannoni8@acquirethisname.com,344
Lucas,Reuther,lreutheri9@chicagotribune.com,433
Tucky,Meffen,tmeffenia@washingtonpost.com,669
Sayer,Belson,sbelsonib@nasa.gov,738
Javier,Bellamy,jbellamyic@netscape.com,855
Louis,D' Angelo,ldangeloid@ifeng.com,581
Burtie,Massimi,bmassimiie@earthlink.net,34
Delainey,Briatt,dbriattif@economist.com,577
Aggi,Skyrm,askyrmig@sitemeter.com,762
Natassia,Heintz,nheintzih@sfgate.com,864
Esteban,Quickenden,equickendenii@who.int,318
Rosalia,Catterell,rcatterellij@independent.co.uk,175
Tyler,Wagnerin,twagnerinik@ameblo.jp,613
Lanita,Houston,lhoustonil@arizona.edu,538
Joyan,Gonthier,jgonthierim@vimeo.com,183
Boris,McGenn,bmcgennin@cam.ac.uk,405
Cloris,Myhan,cmyhanio@cnn.com,51
Elvera,Garratty,egarrattyip@phpbb.com,254
Abbi,Le Brom,alebromiq@cyberchimps.com,796
Ginnifer,Fuente,gfuenteir@geocities.com,222
Zebulon,Grimme,zgrimmeis@chron.com,339
Richmound,Hardacre,rhardacreit@pagesperso-orange.fr,819
Papageno,Edeson,pedesoniu@unblog.fr,32
Elga,Delgado,edelgadoiv@drupal.org,49
Dulciana,Kovelmann,dkovelmanniw@globo.com,578
Meredith,Gillimgham,mgillimghamix@digg.com,251
Giacinta,Llewhellin,gllewhelliniy@phpbb.com,538
Alvy,Burtonshaw,aburtonshawiz@usgs.gov,826
Shelley,Kobierski,skobierskij0@imdb.com,566
Graham,Jirek,gjirekj1@topsy.com,201
Krista,Creek,kcreekj2@blinklist.com,711
Theodora,McCready,tmccreadyj3@wordpress.org,366
Lita,Hawthorne,lhawthornej4@google.com.hk,895
Griz,Moneti,gmonetij5@lulu.com,427
Briano,Salerg,bsalergj6@wordpress.org,45
Renado,Borkin,rborkinj7@e-recht24.de,553
Danyette,Lampl,dlamplj8@foxnews.com,999
Giulio,Prout,gproutj9@example.com,101
Junia,Joncic,jjoncicja@clickbank.net,250
Meredith,Searby,msearbyjb@umn.edu,487
Doloritas,Deyenhardt,ddeyenhardtjc@telegraph.co.uk,897
Germaine,Aylett,gaylettjd@behance.net,967
Robbin,Gallamore,rgallamoreje@liveinternet.ru,233
Bil,Cameron,bcameronjf@mayoclinic.com,290
Skippie,Egdal,segdaljg@networksolutions.com,161
Deanna,Dodridge,ddodridgejh@bigcartel.com,505
Leland,Benitez,lbenitezji@techcrunch.com,439
Noll,Boanas,nboanasjj@furl.net,599
Valaree,Castri,vcastrijk@businesswire.com,132
Neilla,Reichardt,nreichardtjl@census.gov,491
Emanuel,McGarry,emcgarryjm@reverbnation.com,232
Debora,Langstone,dlangstonejn@epa.gov,594
Fidole,Tipler,ftiplerjo@zimbio.com,28
Morly,Seilmann,mseilmannjp@blogspot.com,43
Alexis,Djekovic,adjekovicjq@aboutads.info,415
Sharity,Oven,sovenjr@dropbox.com,172
Derward,Gumn,dgumnjs@skyrock.com,362
Lindon,Boother,lbootherjt@unc.edu,556
Leoline,Kenrack,lkenrackju@e-recht24.de,633
Hanna,Lafoy,hlafoyjv@elegantthemes.com,493
Rahel,Humpatch,rhumpatchjw@prlog.org,630
Law,Coucher,lcoucherjx@mapy.cz,909
Maddie,Hazelton,mhazeltonjy@sohu.com,943
Britt,Chaytor,bchaytorjz@blogtalkradio.com,305
Darda,McEvilly,dmcevillyk0@va.gov,950
Xenia,Sibille,xsibillek1@bloglovin.com,400
West,Dulake,wdulakek2@apple.com,280
Abbott,Chesshire,achesshirek3@npr.org,486
Sloane,Horwell,shorwellk4@census.gov,283
Sianna,Brawn,sbrawnk5@huffingtonpost.com,885
Nata,Pisco,npiscok6@amazon.co.uk,251
Tiebold,Torns,ttornsk7@artisteer.com,109
Milty,Doberer,mdobererk8@mashable.com,848
Ossie,Lalevee,olaleveek9@npr.org,498
Margaret,Clemonts,mclemontska@unblog.fr,56
Giffer,Fransman,gfransmankb@mit.edu,592
Marcelo,Heindle,mheindlekc@latimes.com,96
Grady,Venes,gveneskd@jalbum.net,559
Ruddy,Fominov,rfominovke@merriam-webster.com,492
Kathye,Lammerts,klammertskf@un.org,836
Adela,Meeus,ameeuskg@loc.gov,980
Roderic,Emmatt,remmattkh@tamu.edu,281
Maxwell,Click,mclickki@4shared.com,762
Karia,Young,kyoungkj@nymag.com,980
Keene,Epp,keppkk@theatlantic.com,825
Marcile,Caras,mcaraskl@aboutads.info,333
Prescott,Kerner,pkernerkm@dell.com,216
Lynda,Begley,lbegleykn@dailymail.co.uk,814
Ricki,Poacher,rpoacherko@usgs.gov,128
Harcourt,Muldoon,hmuldoonkp@sphinn.com,383
Marcie,Dimitriades,mdimitriadeskq@bing.com,457
Merrel,Sammon,msammonkr@cornell.edu,236
Rochelle,Gerrey,rgerreyks@jimdo.com,235
Meara,Greggersen,mgreggersenkt@slate.com,814
Garik,Landsberg,glandsbergku@slashdot.org,150
Linnet,Sommerville,lsommervillekv@sogou.com,91
Kassia,Boutell,kboutellkw@washington.edu,427
Huntington,Nickell,hnickellkx@sbwire.com,337
Nikki,Ladewig,nladewigky@free.fr,932
Biron,Ruggen,bruggenkz@noaa.gov,861
Nate,MacAiline,nmacailinel0@google.cn,762
Sibyl,Aldred,saldredl1@gizmodo.com,521
Celinda,Hapke,chapkel2@tripod.com,765
Codee,Shufflebotham,cshufflebothaml3@howstuffworks.com,325
Forster,Leving,flevingl4@bloomberg.com,192
Eli,Fullager,efullagerl5@java.com,152
Channa,Scoone,cscoonel6@cbslocal.com,415
Letty,Eddie,leddiel7@ft.com,441
Ashly,Gullen,agullenl8@uiuc.edu,674
David,MacCard,dmaccardl9@instagram.com,785
Kile,Agnolo,kagnolola@hc360.com,841
Meier,Dickie,mdickielb@mayoclinic.com,328
Laurice,Turfitt,lturfittlc@wordpress.com,221
Gabbi,Gales,ggalesld@japanpost.jp,238
Dena,Malthouse,dmalthousele@comcast.net,210
Constantin,Bengtsen,cbengtsenlf@house.gov,792
Blithe,Bullene,bbullenelg@delicious.com,465
Rafaelia,Bowes,rboweslh@nasa.gov,189
Jess,Knevit,jknevitli@example.com,823
Davey,Pratty,dprattylj@reuters.com,583
Warde,Sollom,wsollomlk@sohu.com,568
Merissa,Cossor,mcossorll@oakley.com,265
Torrin,Mottershaw,tmottershawlm@flickr.com,729
Dewitt,Bunker,dbunkerln@blogspot.com,299
Junie,Reimer,jreimerlo@springer.com,349
Karolina,Trengrouse,ktrengrouselp@cyberchimps.com,684
Eartha,Phear,ephearlq@cnbc.com,232
Isaac,Keeton,ikeetonlr@shop-pro.jp,172
Sonni,Paggitt,spaggittls@fda.gov,57
Millisent,Bresson,mbressonlt@4shared.com,449
David,Duligall,dduligalllu@businesswire.com,950
Thacher,Ciotto,tciottolv@clickbank.net,250
Antonietta,Ever,aeverlw@lycos.com,75
Perry,McInility,pmcinilitylx@i2i.jp,251
Lianna,Grovier,lgrovierly@spotify.com,679
Bonny,Tripney,btripneylz@photobucket.com,287
Cicely,Beaconsall,cbeaconsallm0@gmpg.org,652
Denys,Conibere,dconiberem1@oaic.gov.au,147
Nicola,Brand-Hardy,nbrandhardym2@nyu.edu,237
Alexandr,Geggie,ageggiem3@springer.com,808
Kippy,Glantz,kglantzm4@zdnet.com,299
Bradford,Roistone,broistonem5@i2i.jp,991
Gena,Reye,greyem6@purevolume.com,773
Diannne,MacSweeney,dmacsweeneym7@wikimedia.org,642
Johnnie,Darree,jdarreem8@studiopress.com,411
Shanon,Kuhnt,skuhntm9@chron.com,357
Hinze,Gertray,hgertrayma@mapy.cz,453
Romonda,Coppens,rcoppensmb@youtube.com,971
Giustino,Hatchell,ghatchellmc@economist.com,110
Lishe,Aulton,laultonmd@com.com,561
Georgeta,Mellmoth,gmellmothme@prweb.com,592
Milli,Vallantine,mvallantinemf@buzzfeed.com,45
Vin,Coare,vcoaremg@cocolog-nifty.com,344
Leanora,Irce,lircemh@wix.com,415
Annamarie,Leemans,aleemansmi@seattletimes.com,186
Haley,Guirard,hguirardmj@indiatimes.com,998
Theo,Breakey,tbreakeymk@washingtonpost.com,123
Aldo,Loren,alorenml@psu.edu,845
Vera,Pozzo,vpozzomm@storify.com,855
Martelle,Kerrey,mkerreymn@networkadvertising.org,106
Samara,Vaggs,svaggsmo@sitemeter.com,530
Lu,Van Schafflaer,lvanschafflaermp@jigsy.com,525
Esmeralda,Mordey,emordeymq@drupal.org,950
Stern,Vandenhoff,svandenhoffmr@wufoo.com,951
Tabby,Livezley,tlivezleyms@adobe.com,481
Jaine,Chalcot,jchalcotmt@opensource.org,543
Kerk,Vamplus,kvamplusmu@cafepress.com,249
Halley,Fearon,hfearonmv@ihg.com,698
Pepi,Reisen,preisenmw@thetimes.co.uk,440
Crosby,O'Dreain,codreainmx@istockphoto.com,78
Carlie,De Filippi,cdefilippimy@thetimes.co.uk,76
Adelaida,Needham,aneedhammz@netlog.com,769
Benedikta,Diamond,bdiamondn0@sphinn.com,160
Dav,Cuniam,dcuniamn1@sun.com,985
Chet,Schimke,cschimken2@cbslocal.com,755
Bron,Blankenship,bblankenshipn3@mashable.com,851
Ozzie,Wilflinger,owilflingern4@harvard.edu,212
Caralie,Anderl,canderln5@ustream.tv,455
Lita,Bissett,lbissettn6@pen.io,801
Marillin,Galtone,mgaltonen7@ox.ac.uk,233
Marj,Bramwich,mbramwichn8@telegraph.co.uk,895
Tory,Schiersch,tschierschn9@angelfire.com,164
Sally,Maddison,smaddisonna@myspace.com,876
Winna,Cook,wcooknb@aol.com,545
Aridatha,Janicijevic,ajanicijevicnc@istockphoto.com,623
Riordan,de Tocqueville,rdetocquevillend@desdev.cn,536
Shelby,Spira,sspirane@lulu.com,11
Keir,Griffin,kgriffinnf@joomla.org,284
Levin,Mompesson,lmompessonng@discuz.net,908
Harrison,Impleton,himpletonnh@imageshack.us,760
Lind,Derrington,lderringtonni@house.gov,229
Adriana,Rosenau,arosenaunj@chicagotribune.com,342
Steffie,Haryngton,sharyngtonnk@discuz.net,988
Rip,Skates,rskatesnl@skype.com,377
Chickie,Syversen,csyversennm@jigsy.com,391
Olav,Van Leeuwen,ovanleeuwennn@blog.com,924
Tawsha,Tomkinson,ttomkinsonno@ebay.com,106
Inger,Claw,iclawnp@scientificamerican.com,937
Fairfax,Buxton,fbuxtonnq@princeton.edu,564
Elysee,Keeping,ekeepingnr@qq.com,842
Brook,Greggs,bgreggsns@sina.com.cn,663
Trumaine,Beveredge,tbeveredgent@exblog.jp,524
Ramsay,Iacobini,riacobininu@github.io,764
Rafaellle,Langmaid,rlangmaidnv@hao123.com,823
Delphine,Duetschens,dduetschensnw@chron.com,315
John,Domotor,jdomotornx@fda.gov,249
Robena,Donaldson,rdonaldsonny@xing.com,911
Orton,Screas,oscreasnz@springer.com,749
Dorris,Wards,dwardso0@sohu.com,458
Hy,Stretton,hstrettono1@merriam-webster.com,695
Stephen,Alyokhin,salyokhino2@slate.com,866
Alysa,Rarity,ararityo3@google.ru,225
Karlie,Gavin,kgavino4@google.com.hk,350
Pace,Goldring,pgoldringo5@amazon.com,631
Putnam,Danneil,pdanneilo6@patch.com,81
Kylen,Howsden,khowsdeno7@4shared.com,957
Abba,Stollenhof,astollenhofo8@shutterfly.com,174
Dominga,Massimi,dmassimio9@tinyurl.com,191
Harley,MacClay,hmacclayoa@istockphoto.com,479
Norris,Andrewartha,nandrewarthaob@ft.com,787
Ashbey,Calkin,acalkinoc@theatlantic.com,404
Peria,Fardo,pfardood@nsw.gov.au,657
Zolly,Hayhoe,zhayhoeoe@shinystat.com,514
Willie,Vyel,wvyelof@studiopress.com,94
Alys,Fishbourne,afishbourneog@trellian.com,962
Gnni,Topes,gtopesoh@photobucket.com,76
Lucita,Fahy,lfahyoi@gov.uk,697
Garrick,Indruch,gindruchoj@wiley.com,986
Val,Bourthouloume,vbourthouloumeok@netlog.com,630
Dannye,Eaves,deavesol@nbcnews.com,20
Inger,Father,ifatherom@slashdot.org,796
Marni,Brigstock,mbrigstockon@artisteer.com,923
Giselle,Stores,gstoresoo@bizjournals.com,379
Dulci,Pollett,dpollettop@howstuffworks.com,33
Adelind,Loach,aloachoq@squidoo.com,69
Keene,Spadazzi,kspadazzior@tuttocitta.it,365
Bessie,Riddiford,briddifordos@ca.gov,624
Latrena,Redish,lredishot@google.nl,462
Jenilee,Wix,jwixou@fastcompany.com,364
Elsa,Montford,emontfordov@amazon.de,866
Roby,Ferrulli,rferrulliow@digg.com,451
Arlette,Milmith,amilmithox@wp.com,868
Marga,Erickson,mericksonoy@taobao.com,113
Ryan,Bartholomaus,rbartholomausoz@trellian.com,828
Barr,Jindracek,bjindracekp0@lulu.com,363
Grady,Shah,gshahp1@barnesandnoble.com,372
Marybelle,Heinzel,mheinzelp2@chicagotribune.com,644
Cary,Born,cbornp3@about.me,232
Aldo,Butchers,abutchersp4@businessinsider.com,609
Lorena,Beekmann,lbeekmannp5@apache.org,961
Nanny,Sharnock,nsharnockp6@posterous.com,479
Bellanca,McSparran,bmcsparranp7@samsung.com,306
Sophi,Filchakov,sfilchakovp8@hc360.com,647
Skippie,Murray,smurrayp9@salon.com,265
Mahmud,Hofer,mhoferpa@sogou.com,836
Jannelle,McCurry,jmccurrypb@nhs.uk,53
Jory,Dragoe,jdragoepc@opera.com,935
Hammad,Veitch,hveitchpd@com.com,168
Connor,Conyer,cconyerpe@youtube.com,954
Trstram,Murt,tmurtpf@tuttocitta.it,718
Barnard,Braddock,bbraddockpg@springer.com,575
Carlin,Sainter,csainterph@nationalgeographic.com,802
Denis,De Carlo,ddecarlopi@php.net,901
Suzi,Skingle,sskinglepj@paginegialle.it,391
Jolyn,Sweetmore,jsweetmorepk@salon.com,27
Louisette,Attwater,lattwaterpl@europa.eu,631
Ingrim,Massel,imasselpm@psu.edu,94
Rozelle,Ollarenshaw,rollarenshawpn@time.com,328
Jade,Casper,jcasperpo@google.ca,732
Keslie,Fluger,kflugerpp@bravesites.com,164
Kahaleel,Quarton,kquartonpq@ucoz.ru,982
Jenn,Blum,jblumpr@clickbank.net,446
Bria,Aishford,baishfordps@blogtalkradio.com,22
Kynthia,Raffon,kraffonpt@foxnews.com,471
Porty,Caldairou,pcaldairoupu@topsy.com,891
Germain,Ivett,givettpv@chron.com,954
Denis,Flute,dflutepw@salon.com,830
Cherrita,Roscam,croscampx@goo.gl,227
Rich,Costley,rcostleypy@is.gd,10
Selig,Fyfield,sfyfieldpz@disqus.com,878
Nataniel,Pingstone,npingstoneq0@dyndns.org,789
Magdalene,Davidovitz,mdavidovitzq1@webnode.com,566
Libbi,Ansty,lanstyq2@va.gov,703
Caryl,Scandroot,cscandrootq3@auda.org.au,317
Doll,Eusden,deusdenq4@nih.gov,867
Sashenka,MacGoun,smacgounq5@phpbb.com,550
Alyse,Critchlow,acritchlowq6@elpais.com,270
Verene,Klimsch,vklimschq7@yolasite.com,440
Cindie,Duham,cduhamq8@sbwire.com,271
Fredia,Kinny,fkinnyq9@google.cn,899
Giffy,Pinkney,gpinkneyqa@nifty.com,405
Hardy,Fetherby,hfetherbyqb@uol.com.br,32
Birgitta,Andrick,bandrickqc@joomla.org,371
Lola,O'Ruane,loruaneqd@flavors.me,303
Lamont,Goning,lgoningqe@ca.gov,438
Leora,MacAlroy,lmacalroyqf@unesco.org,385
Ossie,Bradberry,obradberryqg@simplemachines.org,576
Kevyn,Peskin,kpeskinqh@phoca.cz,639
Chicky,Buffy,cbuffyqi@unc.edu,680
Aubrey,Sauvage,asauvageqj@cnet.com,366
Jacky,Grishanin,jgrishaninqk@nytimes.com,530
Ned,Gregolin,ngregolinql@freewebs.com,641
Mayer,Lasseter,mlasseterqm@free.fr,822
Eudora,Gerin,egerinqn@aboutads.info,466
Ettore,Pipe,epipeqo@github.com,705
Adel,Moodie,amoodieqp@utexas.edu,528
Spence,Coleshill,scoleshillqq@webnode.com,162
Ileane,Espasa,iespasaqr@gizmodo.com,600
Livvyy,Spira,lspiraqs@theguardian.com,750
Robin,Andric,randricqt@bloglovin.com,993
Kayla,Jagger,kjaggerqu@telegraph.co.uk,286
Thorstein,Blaydon,tblaydonqv@bing.com,986
Fonsie,O'Doohaine,fodoohaineqw@nytimes.com,898
Rachele,Snelgrove,rsnelgroveqx@symantec.com,795
Roselin,Willard,rwillardqy@apple.com,298
Maridel,Manifould,mmanifouldqz@redcross.org,983
Giffie,Plumbe,gplumber0@cbc.ca,759
Amata,Dudman,adudmanr1@1688.com,827
Adrian,Frackiewicz,afrackiewiczr2@dell.com,172
Pauly,Munkley,pmunkleyr3@newyorker.com,473
Ibbie,Merricks,imerricksr4@theatlantic.com,572
Inesita,Heiss,iheissr5@wiley.com,831
Davin,Lansdale,dlansdaler6@phpbb.com,784
Hanna,Trehearne,htrehearner7@mozilla.com,19
Evanne,Litton,elittonr8@newsvine.com,653
Cassandry,Clipsham,cclipshamr9@timesonline.co.uk,17
Petunia,Mugglestone,pmugglestonera@usa.gov,93
Lauree,Sextone,lsextonerb@taobao.com,750
Nikolas,Harlick,nharlickrc@yahoo.com,978
Ferdinanda,Franiak,ffraniakrd@clickbank.net,642
Dalia,Tschiersch,dtschierschre@weibo.com,853
Morly,Stansall,mstansallrf@bandcamp.com,954
Edvard,Brewer,ebrewerrg@sogou.com,657
Fax,Sacher,fsacherrh@e-recht24.de,349
Bastien,Wort,bwortri@cbsnews.com,856
Wini,McGrotty,wmcgrottyrj@mtv.com,772
Sherline,McHenry,smchenryrk@gnu.org,92
Else,Volcker,evolckerrl@squidoo.com,216
Sterne,Crosseland,scrosselandrm@istockphoto.com,787
Roselle,Wyllt,rwylltrn@hatena.ne.jp,89
Westleigh,Thornton-Dewhirst,wthorntondewhirstro@imgur.com,208
Therine,Fligg,tfliggrp@pbs.org,786
Maximilian,Leech,mleechrq@dot.gov,811
Joshua,Godlee,jgodleerr@buzzfeed.com,383
